{
    "$schema": "https://schema.management.azure.com/schemas/2019-04-01/deploymentTemplate.json#",
    "contentVersion": "1.0.0.0",
    "parameters": {
        "virtualMachines_backend_name": {
            "defaultValue": "backend",
            "type": "String"
        },
        "disks_backend_OsDisk_1_1f87d4ac4ee74c559c204d824b07c065_externalid": {
            "defaultValue": "/subscriptions/43050f5d-a70d-48d0-b307-80e230f2e103/resourceGroups/linux/providers/Microsoft.Compute/disks/backend_OsDisk_1_1f87d4ac4ee74c559c204d824b07c065",
            "type": "String"
        },
        "networkInterfaces_backend351_z3_externalid": {
            "defaultValue": "/subscriptions/43050f5d-a70d-48d0-b307-80e230f2e103/resourceGroups/linux/providers/Microsoft.Network/networkInterfaces/backend351_z3",
            "type": "String"
        }
    },
    "variables": {},
    "resources": [
        {
            "type": "Microsoft.Compute/virtualMachines",
            "apiVersion": "2024-03-01",
            "name": "[parameters('virtualMachines_backend_name')]",
            "location": "centralindia",
            "zones": [
                "3"
            ],
            "properties": {
                "hardwareProfile": {
                    "vmSize": "Standard_D4s_v3"
                },
                "additionalCapabilities": {
                    "hibernationEnabled": false
                },
                "storageProfile": {
                    "imageReference": {
                        "publisher": "canonical",
                        "offer": "ubuntu-24_04-lts",
                        "sku": "server",
                        "version": "latest"
                    },
                    "osDisk": {
                        "osType": "Linux",
                        "name": "[concat(parameters('virtualMachines_backend_name'), '_OsDisk_1_1f87d4ac4ee74c559c204d824b07c065')]",
                        "createOption": "FromImage",
                        "caching": "ReadWrite",
                        "managedDisk": {
                            "storageAccountType": "Premium_LRS",
                            "id": "[parameters('disks_backend_OsDisk_1_1f87d4ac4ee74c559c204d824b07c065_externalid')]"
                        },
                        "deleteOption": "Delete",
                        "diskSizeGB": 30
                    },
                    "dataDisks": [],
                    "diskControllerType": "SCSI"
                },
                "osProfile": {
                    "computerName": "[parameters('virtualMachines_backend_name')]",
                    "adminUsername": "aishu",
                    "linuxConfiguration": {
                        "disablePasswordAuthentication": false,
                        "provisionVMAgent": true,
                        "patchSettings": {
                            "patchMode": "ImageDefault",
                            "assessmentMode": "ImageDefault"
                        }
                    },
                    "secrets": [],
                    "allowExtensionOperations": true,
                    "requireGuestProvisionSignal": true
                },
                "securityProfile": {
                    "uefiSettings": {
                        "secureBootEnabled": true,
                        "vTpmEnabled": true
                    },
                    "securityType": "TrustedLaunch"
                },
                "networkProfile": {
                    "networkInterfaces": [
                        {
                            "id": "[parameters('networkInterfaces_backend351_z3_externalid')]",
                            "properties": {
                                "deleteOption": "Delete"
                            }
                        }
                    ]
                },
                "diagnosticsProfile": {
                    "bootDiagnostics": {
                        "enabled": true
                    }
                }
            }
        }
    ]
}